{"train_loss":1.604814469718933,"val_loss":1.6420608317128385,"_timestamp":1.7388784809322326e+09,"_runtime":865.1052556,"_step":49,"_wandb":{"runtime":865}}