{"val_loss":1.4876460748113645,"_timestamp":1.7388776102445378e+09,"_runtime":669.4887028,"_step":49,"_wandb":{"runtime":669},"train_loss":1.4734348415820075}