{"train_loss":1.8040693640391032,"val_loss":1.8050000968451698,"_timestamp":1.7388798446289368e+09,"_runtime":1357.7873344,"_wandb":{"runtime":1357},"_step":49}