{"_runtime":391.0932465,"_wandb":{"runtime":391},"_step":49,"train_loss":1.5291996640183017,"val_loss":1.5278109327147278,"_timestamp":1.7388807392383094e+09}