{"_wandb":{"runtime":532},"train_loss":1.4837850202629561,"val_loss":1.495268688839712,"_timestamp":1.7388769334710934e+09,"_runtime":532.6783843,"_step":49}