{"train_loss":1.5712680534513266,"val_loss":1.6280194080559311,"_wandb":{"runtime":463},"_timestamp":1.7388803150328562e+09,"_runtime":463.883956,"_step":49}