{"_wandb":{"runtime":434},"_step":49,"train_loss":1.477886321956415,"val_loss":1.4893991388852084,"_timestamp":1.7388811787041447e+09,"_runtime":434.2834854}